completeness,consistency,accuracy,timeliness,trust_score,quality
6,34,11,98,37.25,Poor
52,34,13,4,25.75,Poor
48,68,71,42,57.25,Moderate
43,6,20,17,21.5,Poor
43,71,42,89,61.25,Moderate
31,20,0,55,26.5,Poor
99,11,76,48,58.5,Moderate
8,0,40,93,35.25,Poor
57,13,5,11,21.5,Poor
85,18,16,2,30.25,Poor
37,55,73,61,56.5,Moderate
33,60,4,98,48.75,Poor
39,43,66,61,52.25,Moderate
26,77,81,67,62.75,Moderate
72,40,1,50,40.75,Poor
98,82,65,55,75.0,Good
87,68,81,85,80.25,Good
76,62,66,85,72.25,Moderate
53,47,65,4,42.25,Poor
96,82,23,92,73.25,Moderate
10,62,84,33,47.25,Poor
21,42,43,70,44.0,Poor
50,9,92,58,52.25,Moderate
49,73,99,43,66.0,Moderate
2,24,75,11,28.0,Poor
80,46,1,45,43.0,Poor
29,51,68,64,53.0,Moderate
92,7,81,36,54.0,Moderate
63,97,80,92,83.0,Good
29,69,61,22,45.25,Poor
19,68,56,48,47.75,Poor
96,59,5,1,40.25,Poor
17,58,24,2,25.25,Poor
32,45,87,34,49.5,Poor
55,81,53,0,47.25,Poor
13,79,8,65,41.25,Poor
45,90,11,10,39.0,Poor
55,1,68,48,43.0,Poor
9,69,88,81,61.75,Moderate
51,3,41,33,32.0,Poor
60,4,96,71,57.75,Moderate
42,53,44,3,35.5,Poor
81,81,20,53,58.75,Moderate
8,91,86,18,50.75,Moderate
47,85,30,95,64.25,Moderate
10,80,7,97,48.5,Poor
66,49,68,39,55.5,Moderate
18,83,98,37,59.0,Moderate
99,49,47,16,52.75,Moderate
68,43,66,15,48.0,Poor
80,21,75,49,56.25,Moderate
55,7,94,17,43.25,Poor
58,85,2,44,47.25,Poor
57,94,94,92,84.25,Good
91,85,57,38,67.75,Moderate
54,99,3,20,44.0,Poor
66,41,66,65,59.5,Moderate
71,17,43,64,48.75,Poor
13,69,92,47,55.25,Moderate
28,72,43,11,38.5,Poor
34,64,31,26,38.75,Poor
41,33,50,5,32.25,Poor
64,10,25,64,40.75,Poor
25,97,2,24,37.0,Poor
34,72,29,10,36.25,Poor
76,40,10,43,42.25,Poor
70,68,17,68,55.75,Moderate
17,100,61,63,60.25,Moderate
93,50,99,3,61.25,Moderate
32,91,73,62,64.5,Moderate
43,50,28,64,46.25,Poor
16,78,81,0,43.75,Poor
76,77,63,43,64.75,Moderate
89,74,15,88,66.5,Moderate
6,46,58,46,39.0,Poor
85,53,40,45,55.75,Moderate
27,98,57,43,56.25,Moderate
96,24,23,48,47.75,Poor
7,53,48,64,43.0,Poor
33,22,71,48,43.5,Poor
47,8,37,15,26.75,Poor
33,64,77,41,53.75,Moderate
7,48,6,75,34.0,Poor
49,38,13,59,39.75,Poor
73,97,90,41,75.25,Good
31,82,57,34,51.0,Moderate
56,72,73,44,61.25,Moderate
31,88,58,64,60.25,Moderate
73,35,43,6,39.25,Poor
23,15,2,54,23.5,Poor
84,63,93,16,64.0,Moderate
61,68,5,60,48.5,Poor
69,18,41,47,43.75,Poor
28,76,4,59,41.75,Poor
64,76,99,36,68.75,Moderate
90,74,1,41,51.5,Moderate
93,49,29,88,64.75,Moderate
8,32,36,21,24.25,Poor
53,45,54,5,39.25,Poor
77,1,63,86,56.75,Moderate
21,25,5,34,21.25,Poor
67,21,97,94,69.75,Moderate
67,24,38,63,48.0,Poor
59,28,36,67,47.5,Poor
11,13,56,78,39.5,Poor
69,71,35,24,49.75,Poor
66,8,81,50,51.25,Moderate
52,57,14,7,32.5,Poor
72,55,97,83,76.75,Good
55,66,45,19,46.25,Poor
63,17,24,27,32.75,Poor
30,4,31,26,22.75,Poor
9,51,3,1,16.0,Poor
52,83,41,70,61.5,Moderate
3,5,31,93,33.0,Poor
55,89,37,23,51.0,Moderate
38,14,36,85,43.25,Poor
82,41,27,65,53.75,Moderate
3,95,46,100,61.0,Moderate
19,59,28,53,39.75,Poor
28,65,84,55,58.0,Moderate
50,71,24,49,48.5,Poor
9,63,5,36,28.25,Poor
17,60,93,92,65.5,Moderate
13,16,15,58,25.5,Poor
45,70,78,2,48.75,Poor
56,66,45,36,50.75,Moderate
46,27,49,6,32.0,Poor
13,65,96,12,46.5,Poor
75,85,41,94,73.75,Moderate
10,99,85,26,55.0,Moderate
49,23,53,16,35.25,Poor
60,17,0,20,24.25,Poor
100,11,42,4,39.25,Poor
12,18,28,58,29.0,Poor
55,25,84,51,53.75,Moderate
7,7,19,14,11.75,Poor
59,89,11,17,44.0,Poor
85,5,45,56,47.75,Poor
26,30,30,100,46.5,Poor
55,43,85,18,50.25,Moderate
11,86,1,37,33.75,Poor
41,85,51,44,55.25,Moderate
100,29,7,7,35.75,Poor
70,8,14,31,30.75,Poor
36,30,16,71,38.25,Poor
0,100,77,98,68.75,Moderate
82,69,33,53,59.25,Moderate
71,47,47,80,61.25,Moderate
16,53,4,77,37.5,Poor
37,44,40,88,52.25,Moderate
0,44,64,97,51.25,Moderate
0,82,37,10,32.25,Poor
48,92,23,78,60.25,Moderate
41,56,13,93,50.75,Moderate
76,95,68,25,66.0,Moderate
51,81,86,9,56.75,Moderate
24,26,92,45,46.75,Poor
54,99,61,36,62.5,Moderate
83,70,69,20,60.5,Moderate
49,3,33,93,44.5,Poor
3,97,80,86,66.5,Moderate
20,99,24,46,47.25,Poor
23,12,17,91,35.75,Poor
77,12,34,15,34.5,Poor
9,46,7,32,23.5,Poor
46,16,32,52,36.5,Poor
11,79,33,66,47.25,Poor
70,15,85,68,59.5,Moderate
15,42,36,81,43.5,Poor
97,84,39,56,69.0,Moderate
30,0,11,14,13.75,Poor
79,12,98,56,61.25,Moderate
49,45,86,23,50.75,Moderate
16,49,0,53,29.5,Poor
26,30,0,53,27.25,Poor
16,10,22,68,29.0,Poor
34,53,21,99,51.75,Moderate
49,39,8,3,24.75,Poor
15,72,50,34,42.75,Poor
72,6,81,86,61.25,Moderate
69,91,24,39,55.75,Moderate
39,76,70,100,71.25,Moderate
84,43,2,85,53.5,Moderate
18,39,36,25,29.5,Poor
54,27,63,5,37.25,Poor
54,8,19,21,25.5,Poor
85,6,70,28,47.25,Poor
8,57,74,24,40.75,Poor
51,72,91,55,67.25,Moderate
91,68,46,9,53.5,Moderate
27,11,56,5,24.75,Poor
68,39,89,3,49.75,Poor
26,86,4,19,33.75,Poor
82,67,12,91,63.0,Moderate
6,52,93,60,52.75,Moderate
78,49,42,84,63.25,Moderate
23,82,84,51,60.0,Moderate
54,84,87,13,59.5,Moderate
11,5,27,19,15.5,Poor
84,82,17,100,70.75,Moderate
90,84,74,38,71.5,Moderate
46,65,53,90,63.5,Moderate
33,36,52,23,36.0,Poor
68,67,84,70,72.25,Moderate
11,0,74,77,40.5,Poor
90,18,66,97,67.75,Moderate
76,84,76,12,62.0,Moderate
58,83,31,80,63.0,Moderate
70,61,3,47,45.25,Poor
37,96,59,47,59.75,Moderate
82,94,36,68,70.0,Moderate
97,72,75,83,81.75,Good
100,43,25,21,47.25,Poor
5,47,6,74,33.0,Poor
12,62,47,96,54.25,Moderate
53,84,22,13,43.0,Poor
84,79,9,29,50.25,Moderate
73,49,17,64,50.75,Moderate
86,91,12,97,71.5,Moderate
62,67,96,29,63.5,Moderate
80,67,63,42,63.0,Moderate
40,77,80,53,62.5,Moderate
100,97,83,34,78.5,Good
43,86,61,22,53.0,Moderate
30,13,93,91,56.75,Moderate
6,88,66,91,62.75,Moderate
99,18,47,5,42.25,Poor
17,18,83,21,34.75,Poor
87,87,51,95,80.0,Good
22,98,71,31,55.5,Moderate
65,83,23,98,67.25,Moderate
62,64,85,0,52.75,Moderate
60,19,35,44,39.5,Poor
86,64,81,56,71.75,Moderate
28,8,54,95,46.25,Poor
60,50,40,6,39.0,Poor
81,54,53,89,69.25,Moderate
11,41,56,59,41.75,Poor
1,14,4,91,27.5,Poor
45,46,41,99,57.75,Moderate
30,89,70,88,69.25,Moderate
86,71,60,93,77.5,Good
98,75,88,43,76.0,Good
85,29,4,23,35.25,Poor
16,83,57,25,45.25,Poor
86,60,54,81,70.25,Moderate
1,44,83,16,36.0,Poor
34,45,69,39,46.75,Poor
86,9,44,26,41.25,Poor
6,15,71,16,27.0,Poor
66,1,76,62,51.25,Moderate
65,53,51,90,64.75,Moderate
63,8,24,23,29.5,Poor
44,29,42,89,51.0,Moderate
53,94,62,14,55.75,Moderate
50,9,45,65,42.25,Poor
48,13,25,32,29.5,Poor
11,88,15,47,40.25,Poor
22,24,10,8,16.0,Poor
54,82,83,57,69.0,Moderate
93,55,57,91,74.0,Moderate
5,53,6,12,19.0,Poor
38,64,50,48,50.0,Moderate
93,42,47,44,56.5,Moderate
8,42,77,23,37.5,Poor
15,3,56,50,31.0,Poor
64,41,4,26,33.75,Poor
36,40,89,36,50.25,Moderate
19,40,77,60,49.0,Poor
46,28,68,96,59.5,Moderate
4,78,60,19,40.25,Poor
26,42,30,89,46.75,Poor
60,71,28,39,49.5,Poor
99,20,25,59,50.75,Moderate
61,100,42,60,65.75,Moderate
80,57,59,34,57.5,Moderate
55,92,37,10,48.5,Poor
83,50,59,12,51.0,Moderate
78,41,48,72,59.75,Moderate
72,78,67,16,58.25,Moderate
29,99,7,20,38.75,Poor
89,53,65,56,65.75,Moderate
86,78,34,77,68.75,Moderate
30,99,37,22,47.0,Poor
66,30,89,53,59.5,Moderate
94,10,74,49,56.75,Moderate
70,8,47,59,46.0,Poor
88,80,17,21,51.5,Moderate
44,89,75,16,56.0,Moderate
17,38,53,19,31.75,Poor
20,58,34,78,47.5,Poor
29,78,25,37,42.25,Poor
24,75,76,6,45.25,Poor
96,39,98,24,64.25,Moderate
78,57,3,23,40.25,Poor
20,98,42,79,59.75,Moderate
85,20,41,5,37.75,Poor
12,31,5,44,23.0,Poor
27,10,22,59,29.5,Poor
55,22,12,71,40.0,Poor
67,6,77,84,58.5,Moderate
30,83,13,53,44.75,Poor
19,30,86,39,43.5,Poor
21,57,97,16,47.75,Poor
74,47,94,51,66.5,Moderate
2,78,62,39,45.25,Poor
55,55,92,76,69.5,Moderate
20,72,18,24,33.5,Poor
29,38,95,86,62.0,Moderate
56,64,18,86,56.0,Moderate
75,89,25,20,52.25,Moderate
67,21,29,63,45.0,Poor
95,15,12,38,40.0,Poor
80,22,89,2,48.25,Poor
63,92,98,80,83.25,Good
85,51,29,70,58.75,Moderate
81,29,79,55,61.0,Moderate
91,9,34,32,41.5,Poor
71,38,34,30,43.25,Poor
19,79,26,24,37.0,Poor
1,84,91,11,46.75,Poor
52,65,38,62,54.25,Moderate
9,23,59,41,33.0,Poor
64,9,55,69,49.25,Poor
39,12,97,57,51.25,Moderate
81,3,18,33,33.75,Poor
42,16,56,95,52.25,Moderate
93,59,38,14,51.0,Moderate
89,63,61,44,64.25,Moderate
47,15,29,45,34.0,Poor
89,32,34,73,57.0,Moderate
67,11,13,1,23.0,Poor
82,91,44,47,66.0,Moderate
57,57,49,19,45.5,Poor
22,30,22,83,39.25,Poor
86,42,26,92,61.5,Moderate
57,96,18,99,67.5,Moderate
86,70,31,94,70.25,Moderate
54,47,48,20,42.25,Poor
33,73,46,98,62.5,Moderate
50,68,89,55,65.5,Moderate
87,83,0,90,65.0,Moderate
29,60,28,86,50.75,Moderate
76,29,19,76,50.0,Moderate
44,56,91,78,67.25,Moderate
41,91,0,83,53.75,Moderate
59,43,58,85,61.25,Moderate
6,30,2,33,17.75,Poor
17,34,23,62,34.0,Poor
23,85,98,83,72.25,Moderate
20,30,67,16,33.25,Poor
22,82,35,100,59.75,Moderate
51,70,60,7,47.0,Poor
48,72,53,33,51.5,Moderate
100,88,84,41,78.25,Good
17,9,29,94,37.25,Poor
98,56,83,38,68.75,Moderate
11,46,21,53,32.75,Poor
35,98,58,69,65.0,Moderate
95,61,79,5,60.0,Moderate
7,30,18,59,28.5,Poor
98,54,29,13,48.5,Poor
66,63,5,79,53.25,Moderate
79,100,47,16,60.5,Moderate
24,28,2,88,35.5,Poor
8,9,65,68,37.5,Poor
64,61,68,80,68.25,Moderate
63,37,81,24,51.25,Moderate
41,50,80,83,63.5,Moderate
25,66,79,27,49.25,Poor
24,4,84,86,49.5,Poor
66,24,80,38,52.0,Moderate
35,60,36,17,37.0,Poor
68,50,41,16,43.75,Poor
31,19,9,47,26.5,Poor
81,29,46,13,42.25,Poor
78,56,7,91,58.0,Moderate
96,2,47,78,55.75,Moderate
97,72,5,82,64.0,Moderate
79,50,92,99,80.0,Good
95,43,83,13,58.5,Moderate
21,81,25,98,56.25,Moderate
38,82,52,31,50.75,Moderate
56,75,80,39,62.5,Moderate
25,75,42,36,44.5,Poor
61,74,89,98,80.5,Good
86,32,80,62,65.0,Moderate
47,65,74,46,58.0,Moderate
20,58,63,67,52.0,Moderate
8,82,17,18,31.25,Poor
81,55,94,6,59.0,Moderate
85,46,50,87,67.0,Moderate
63,82,27,26,49.5,Poor
42,3,26,83,38.5,Poor
29,21,78,16,36.0,Poor
33,31,55,17,34.0,Poor
74,65,48,48,58.75,Moderate
95,24,0,8,31.75,Poor
94,81,75,90,85.0,Good
77,29,85,20,52.75,Moderate
31,6,63,43,35.75,Poor
43,26,86,50,51.25,Moderate
50,71,8,68,49.25,Poor
39,83,99,48,67.25,Moderate
88,23,73,54,59.5,Moderate
22,41,28,45,34.0,Poor
68,92,74,74,77.0,Good
87,4,23,97,52.75,Moderate
55,81,43,99,69.5,Moderate
58,100,91,14,65.75,Moderate
2,63,2,79,36.5,Poor
88,7,51,8,38.5,Poor
20,91,12,16,34.75,Poor
42,82,24,32,45.0,Poor
30,24,96,31,45.25,Poor
56,2,4,8,17.5,Poor
64,27,61,42,48.5,Poor
70,17,88,21,49.0,Poor
94,63,94,61,78.0,Good
74,85,79,30,67.0,Moderate
14,54,13,59,35.0,Poor
8,84,95,44,57.75,Moderate
84,9,18,57,42.0,Poor
74,68,29,71,60.5,Moderate
17,31,28,31,26.75,Poor
21,10,34,98,40.75,Poor
79,39,12,30,40.0,Poor
30,0,87,32,37.25,Poor
47,46,14,30,34.25,Poor
65,39,1,8,28.25,Poor
89,94,90,35,77.0,Good
10,98,85,88,70.25,Moderate
66,83,66,50,66.25,Moderate
31,47,42,59,44.75,Poor
79,26,71,55,57.75,Moderate
62,4,9,100,43.75,Poor
98,7,13,12,32.5,Poor
60,50,25,66,50.25,Moderate
89,67,91,94,85.25,Good
1,70,92,84,61.75,Moderate
26,44,93,19,45.5,Poor
16,89,72,20,49.25,Poor
79,74,82,89,81.0,Good
38,33,8,57,34.0,Poor
2,11,35,64,28.0,Poor
9,33,52,85,44.75,Poor
93,85,59,43,70.0,Moderate
15,16,59,85,43.75,Poor
17,100,79,68,66.0,Moderate
76,78,39,68,65.25,Moderate
94,71,41,63,67.25,Moderate
80,82,73,36,67.75,Moderate
21,25,99,28,43.25,Poor
100,82,58,40,70.0,Moderate
9,11,60,31,27.75,Poor
57,50,30,89,56.5,Moderate
49,39,41,68,49.25,Poor
97,68,90,35,72.5,Moderate
85,70,75,70,75.0,Good
93,2,92,67,63.5,Moderate
13,56,87,16,43.0,Poor
17,61,54,17,37.25,Poor
85,59,92,15,62.75,Moderate
35,17,31,10,23.25,Poor
12,78,74,36,50.0,Moderate
43,17,40,87,46.75,Poor
55,37,10,31,33.25,Poor
72,95,6,67,60.0,Moderate
50,47,54,98,62.25,Moderate
80,4,33,28,36.25,Poor
37,59,85,69,62.5,Moderate
27,58,9,26,30.0,Poor
27,86,21,65,49.75,Poor
87,38,16,40,45.25,Poor
23,36,10,51,30.0,Poor
45,30,53,93,55.25,Moderate
57,96,20,0,43.25,Poor
37,64,79,0,45.0,Poor
91,28,56,55,57.5,Moderate
21,37,39,38,33.75,Poor
98,99,7,92,74.0,Moderate
30,56,28,0,28.5,Poor
5,46,37,18,26.5,Poor
54,95,85,73,76.75,Good
8,24,97,58,46.75,Poor
21,2,70,18,27.75,Poor
15,18,22,100,38.75,Poor
70,70,68,66,68.5,Moderate
0,7,11,31,12.25,Poor
59,61,85,98,75.75,Good
67,65,45,23,50.0,Moderate
88,53,62,12,53.75,Moderate
3,88,77,32,50.0,Moderate
27,81,49,76,58.25,Moderate
80,43,95,64,70.5,Moderate
73,2,68,23,41.5,Poor
22,25,37,100,46.0,Poor
22,63,2,51,34.5,Poor
17,40,78,63,49.5,Poor
100,68,58,92,79.5,Good
36,18,14,98,41.5,Poor
28,74,60,89,62.75,Moderate
41,9,26,47,30.75,Poor
85,92,2,26,51.25,Moderate
38,63,84,52,59.25,Moderate
4,97,96,90,71.75,Moderate
76,96,61,58,72.75,Moderate
28,26,48,15,29.25,Poor
72,70,77,48,66.75,Moderate
44,13,83,24,41.0,Poor
25,5,28,67,31.25,Poor
99,82,99,67,86.75,Good
95,25,22,33,43.75,Poor
52,36,96,84,67.0,Moderate
95,86,23,74,69.5,Moderate
13,0,39,71,30.75,Poor
33,55,85,10,45.75,Poor
1,41,85,50,44.25,Poor
52,83,73,44,63.0,Moderate
72,39,59,98,67.0,Moderate
63,49,19,94,56.25,Moderate
99,23,11,55,47.0,Poor
86,11,46,26,42.25,Poor
93,6,89,0,47.0,Poor
52,22,77,83,58.5,Moderate
12,28,39,84,40.75,Poor
46,75,96,34,62.75,Moderate
73,20,39,68,50.0,Moderate
21,66,61,70,54.5,Moderate
5,38,36,36,28.75,Poor
49,3,83,8,35.75,Poor
69,7,45,93,53.5,Moderate
10,33,9,69,30.25,Poor
27,5,68,65,41.25,Poor
88,78,58,66,72.5,Moderate
5,16,36,33,22.5,Poor
42,69,53,34,49.5,Poor
79,23,71,24,49.25,Poor
27,73,58,52,52.5,Moderate
31,2,21,34,22.0,Poor
53,79,63,6,50.25,Moderate
43,36,66,91,59.0,Moderate
4,25,61,17,26.75,Poor
80,46,88,45,64.75,Moderate
47,41,70,46,51.0,Moderate
76,93,5,14,47.0,Poor
81,86,80,74,80.25,Good
22,41,32,24,29.75,Poor
65,89,42,85,70.25,Moderate
93,84,31,60,67.0,Moderate
36,90,69,96,72.75,Moderate
71,73,28,41,53.25,Moderate
87,63,97,78,81.25,Good
44,94,54,89,70.25,Moderate
45,97,63,62,66.75,Moderate
7,75,78,82,60.5,Moderate
12,48,70,17,36.75,Poor
68,37,63,8,44.0,Poor
35,36,15,15,25.25,Poor
22,63,45,18,37.0,Poor
86,80,46,90,75.5,Good
8,80,85,27,50.0,Moderate
45,9,55,14,30.75,Poor
85,83,55,6,57.25,Moderate
90,56,89,22,64.25,Moderate
65,30,7,27,32.25,Poor
66,20,22,5,28.25,Poor
82,88,0,70,60.0,Moderate
20,99,15,31,41.25,Poor
43,4,68,93,52.0,Moderate
30,61,48,44,45.75,Poor
23,41,6,17,21.75,Poor
54,30,66,15,41.25,Poor
34,78,8,98,54.5,Moderate
81,68,8,2,39.75,Poor
70,93,78,11,63.0,Moderate
44,19,86,96,61.25,Moderate
90,56,67,52,66.25,Moderate
58,6,6,29,24.75,Poor
8,80,21,2,27.75,Poor
49,98,24,26,49.25,Poor
66,97,10,37,52.5,Moderate
76,6,51,59,48.0,Poor
99,69,58,61,71.75,Moderate
39,11,16,53,29.75,Poor
62,95,30,14,50.25,Moderate
76,54,44,64,59.5,Moderate
25,48,41,45,39.75,Poor
17,45,13,81,39.0,Poor
7,96,98,48,62.25,Moderate
95,10,59,66,57.5,Moderate
34,68,47,40,47.25,Poor
92,62,72,9,58.75,Moderate
70,43,3,23,34.75,Poor
53,52,94,92,72.75,Moderate
48,93,57,66,66.0,Moderate
36,39,97,98,67.5,Moderate
47,65,61,28,50.25,Moderate
73,60,43,84,65.0,Moderate
